,test_edge_hard.BO.x,test_edge_hard.BO.mean,test_edge_hard.BO.low,test_edge_hard.BO.high,test_edge_hard.Dummy.x,test_edge_hard.Dummy.mean,test_edge_hard.Dummy.low,test_edge_hard.Dummy.high,test_edge_hard.GA.x,test_edge_hard.GA.mean,test_edge_hard.GA.low,test_edge_hard.GA.high,test_edge_hard.Random.x,test_edge_hard.Random.mean,test_edge_hard.Random.low,test_edge_hard.Random.high,test_edge_hard.SGD.x,test_edge_hard.SGD.mean,test_edge_hard.SGD.low,test_edge_hard.SGD.high,test_edge_medium.BO.x,test_edge_medium.BO.mean,test_edge_medium.BO.low,test_edge_medium.BO.high,test_edge_medium.Dummy.x,test_edge_medium.Dummy.mean,test_edge_medium.Dummy.low,test_edge_medium.Dummy.high,test_edge_medium.GA.x,test_edge_medium.GA.mean,test_edge_medium.GA.low,test_edge_medium.GA.high,test_edge_medium.Random.x,test_edge_medium.Random.mean,test_edge_medium.Random.low,test_edge_medium.Random.high,test_edge_medium.SGD.x,test_edge_medium.SGD.mean,test_edge_medium.SGD.low,test_edge_medium.SGD.high,test_hard.BO.x,test_hard.BO.mean,test_hard.BO.low,test_hard.BO.high,test_hard.Dummy.x,test_hard.Dummy.mean,test_hard.Dummy.low,test_hard.Dummy.high,test_hard.GA.x,test_hard.GA.mean,test_hard.GA.low,test_hard.GA.high,test_hard.Random.x,test_hard.Random.mean,test_hard.Random.low,test_hard.Random.high,test_hard.SGD.x,test_hard.SGD.mean,test_hard.SGD.low,test_hard.SGD.high,test_realworld.BO.x,test_realworld.BO.mean,test_realworld.BO.low,test_realworld.BO.high,test_realworld.Dummy.x,test_realworld.Dummy.mean,test_realworld.Dummy.low,test_realworld.Dummy.high,test_realworld.GA.x,test_realworld.GA.mean,test_realworld.GA.low,test_realworld.GA.high,test_realworld.Random.x,test_realworld.Random.mean,test_realworld.Random.low,test_realworld.Random.high,test_realworld.SGD.x,test_realworld.SGD.mean,test_realworld.SGD.low,test_realworld.SGD.high,test_simple.BO.x,test_simple.BO.mean,test_simple.BO.low,test_simple.BO.high,test_simple.Dummy.x,test_simple.Dummy.mean,test_simple.Dummy.low,test_simple.Dummy.high,test_simple.GA.x,test_simple.GA.mean,test_simple.GA.low,test_simple.GA.high,test_simple.Random.x,test_simple.Random.mean,test_simple.Random.low,test_simple.Random.high,test_simple.SGD.x,test_simple.SGD.mean,test_simple.SGD.low,test_simple.SGD.high
0,0.0,-49.99999999950755,-49.999999999532015,-49.99999999948328,0.0,-49.99999999950854,-49.999999999535014,-49.999999999480195,0.0,-49.999999999481176,-49.999999999504126,-49.9999999994534,0.0,-49.93531999951449,-49.999999999521975,-49.67659999949273,0.0,-49.503179999494435,-49.78275999950097,-49.0619172403774,0.0,-49.9999999995036,-49.99999999952682,-49.9999999994788,0.0,-49.99999999948668,-49.9999999995108,-49.999999999463434,0.0,-49.82015999950478,-49.947439999535106,-49.4983148419176,0.0,-49.94227999949848,-49.99999999950487,-49.66910884866019,0.0,-49.644599999490396,-49.86499999948916,-49.24219950112554,0.0,-49.99999999949437,-49.9999999995199,-49.99999999946925,0.0,-49.94081999950823,-49.99999999951788,-49.681599893092155,0.0,-49.99999999950923,-49.99999999953619,-49.9999999994867,0.0,-49.99999999949344,-49.99999999952015,-49.99999999946926,0.0,-49.713299999509786,-49.88677999950479,-49.340295134372916,0.0,-49.999999999491926,-49.99999999953203,-49.999999999439176,0.0,-49.999999999471,-49.99999999952153,-49.999999999423736,0.0,-49.5397777772662,-49.99999999947446,-48.51907368272161,0.0,-49.55955555509649,-49.999999999538645,-48.456147360833334,0.0,-48.82214814766591,-49.5570645487323,-47.55288673638927,0.0,-19.825133332838494,-19.945933332849634,-19.544077893036565,0.0,-19.456066666182185,-19.706072926698173,-19.064448358822002,0.0,-19.71426666614877,-20.396742937311213,-19.321702384067606,0.0,-19.76813333281141,-20.257833929751072,-19.475736862291836,0.0,-19.285466666158282,-20.227384264729285,-18.661941488987075
1,30.0,-48.55619999947841,-49.04895713891749,-47.8371428426701,30.0,-49.99999999950702,-49.99999999953085,-49.99999999948006,30.0,-48.37233999949131,-48.90679885470136,-47.66766503928477,30.0,-48.27255999951873,-48.84637371812775,-47.543773969996444,30.0,-48.20007999950421,-48.78804579201973,-47.438158763222475,30.0,-48.571779999510845,-49.0350916942065,-47.83051220585525,30.0,-49.99999999951083,-49.999999999535554,-49.99999999948514,30.0,-47.770259999494975,-48.386951752069706,-46.96573396800622,30.0,-48.3058199994858,-48.870998231470736,-47.6339925830685,30.0,-47.94587999948297,-48.599036494538325,-47.179463913458875,30.0,-49.478639999503095,-49.7128212217105,-49.06178785437881,30.0,-49.5601399994884,-49.825179999476966,-49.11585219899012,30.0,-49.45523999946819,-49.72543031970141,-49.01307730576882,30.0,-49.65167999950215,-49.8522283662605,-49.3092532164895,30.0,-49.30191999949084,-49.606361631644134,-48.83420432156068,30.0,-42.697333332810786,-44.815479891889055,-40.306965075890766,30.0,-49.999999999529635,-49.99999999957469,-49.99999999947906,30.0,-45.7023703698803,-47.25559137841444,-43.743735274999175,30.0,-44.81192592542725,-46.53495768109252,-42.62994505456107,30.0,-45.178814814326174,-46.93956310592211,-43.04780085582087,30.0,-16.8707999995051,-17.3989312219943,-16.365189805235826,30.0,-18.75806666619494,-19.152865312429448,-18.245664138372145,30.0,-16.32393333283352,-16.873164081356993,-15.74023698691114,30.0,-16.77706666619624,-17.287823572072895,-16.210378845137498,30.0,-16.35759999947961,-16.941647592467792,-15.793481282435778
2,60.0,-48.049039999516516,-48.622398024503305,-47.256376571885866,60.0,-49.99999999947745,-49.99999999950144,-49.99999999945158,60.0,-46.66893999947881,-47.44974864772619,-45.77150996846108,60.0,-46.62745999950274,-47.373477127355635,-45.72100341701676,60.0,-46.968459999484686,-47.80999861745646,-46.04977025536167,60.0,-47.38311999949969,-48.09478426311138,-46.47677693955279,60.0,-49.99999999950532,-49.99999999953017,-49.99999999948085,60.0,-45.51887999951313,-46.503312460331244,-44.56357168030012,60.0,-46.3372399994856,-47.27690027589299,-45.400304259946964,60.0,-45.946619999505224,-46.79183864078548,-44.897179614387476,60.0,-48.75233999950542,-49.18309587965651,-48.1726548251438,60.0,-49.19303999949105,-49.5685510153494,-48.677887301266296,60.0,-48.30729999949985,-48.8800275758587,-47.70654765071423,60.0,-49.21383999951292,-49.55394999276174,-48.769644845654796,60.0,-47.957799999483136,-48.503807093668826,-47.26840732698616,60.0,-39.626518517999514,-42.077757503557635,-36.878373378561434,60.0,-49.99999999947962,-49.999999999526125,-49.999999999436184,60.0,-40.857555555050894,-43.00265649468047,-38.218802533040304,60.0,-41.88518518462733,-44.14491266180004,-39.56955555501688,60.0,-39.517185184680066,-41.90238011676862,-36.94073648182484,60.0,-14.899133332784793,-15.393130311630662,-14.404929828346738,60.0,-17.750133332844502,-18.263768683071266,-17.158348529162883,60.0,-14.569999999529754,-15.088178345664465,-14.074339556303695,60.0,-15.09246666618359,-15.582469291134462,-14.603440790803576,60.0,-14.322533332830409,-14.786697417704659,-13.851941618034783
3,90.0,-47.53013999950566,-48.228615487532906,-46.65572816551711,90.0,-49.999999999517975,-49.999999999542474,-49.99999999949403,90.0,-45.344719999478826,-46.262598598268276,-44.196230824846204,90.0,-45.45725999950133,-46.349163759435505,-44.40571274738196,90.0,-45.03943999947383,-46.03342876707262,-43.89058569272999,90.0,-46.43923999949612,-47.21465329617121,-45.35409901600301,90.0,-49.99999999949393,-49.99999999951741,-49.99999999946627,90.0,-43.827699999513555,-44.86373386240442,-42.79586974818196,90.0,-44.40813999950916,-45.43612624876704,-43.34310574771371,90.0,-44.4559199994733,-45.44835081866323,-43.438519634526806,90.0,-48.386839999505646,-48.88132799067021,-47.72305282350703,90.0,-48.83531999950445,-49.27150604323854,-48.25351413452202,90.0,-47.809839999515006,-48.440167526505896,-47.10264966025514,90.0,-48.55271999950172,-49.03355019294871,-47.968633105973666,90.0,-46.90669999950511,-47.62517940935785,-46.08551897291036,90.0,-36.49096296245764,-38.97454678032084,-33.660721061388756,90.0,-49.99999999948756,-49.99999999953458,-49.999999999441656,90.0,-38.069777777287534,-40.44447264526081,-35.44507943377964,90.0,-39.35629629582155,-41.60759628013754,-36.73685707918294,90.0,-35.32874074023215,-38.19823000758424,-32.73469822838316,90.0,-13.927333332799698,-14.426779552573047,-13.486459287966083,90.0,-17.321066666195673,-17.8539006863963,-16.711423165166522,90.0,-13.591399999498627,-14.04744094097071,-13.108367207981889,90.0,-14.143066666193192,-14.604076153490873,-13.729971931925224,90.0,-13.727399999490812,-14.144859565739187,-13.31118880206743
4,120.0,-46.62343999949632,-47.395698993592205,-45.623958039552335,120.0,-49.99999999952363,-49.99999999954863,-49.999999999498705,120.0,-43.838399999508255,-44.816882501502946,-42.6699879826939,120.0,-43.8445999994841,-44.89757662702965,-42.71028441780757,120.0,-43.244299999496775,-44.34750412256387,-41.96694686597667,120.0,-45.50281999948192,-46.3824787426907,-44.312798291938186,120.0,-49.9999999995013,-49.999999999528995,-49.99999999947459,120.0,-42.29237999950722,-43.41115387795318,-41.06545609053315,120.0,-42.8503399995213,-43.98760774045106,-41.731558537824725,120.0,-43.221419999500746,-44.34527900169776,-42.12142094349995,120.0,-47.69081999948045,-48.28243099353484,-46.97015761840046,120.0,-48.64545999951251,-49.11992357069083,-48.01643040260094,120.0,-47.325419999490926,-48.00221124447295,-46.555697689195036,120.0,-47.56849999950332,-48.194534057632794,-46.86825454378173,120.0,-46.18019999951373,-46.97768491734628,-45.30507618366261,120.0,-33.915703703241874,-36.69744170535526,-30.971117780324274,120.0,-49.9999999995103,-49.99999999955716,-49.99999999946317,120.0,-36.893481480944196,-39.40973937974812,-34.31625615940211,120.0,-37.4201481476591,-39.85054988271159,-34.792140566481464,120.0,-32.910592592116274,-35.58023615412236,-30.289189837635476,120.0,-13.207266666143605,-13.635757518515268,-12.859333401024264,120.0,-17.126933332811554,-17.684372214988418,-16.494502533561093,120.0,-13.15719999950865,-13.598531424462431,-12.724861082634712,120.0,-13.348933332838772,-13.74670876473866,-13.017735284470813,120.0,-13.192733332794178,-13.611912550909492,-12.830068602472975
5,150.0,-46.285399999498935,-47.09439569998351,-45.266200907303265,150.0,-49.99999999947988,-49.99999999950234,-49.999999999456584,150.0,-42.66457999950962,-43.72653399604752,-41.20241474770667,150.0,-42.65049999951186,-43.814985467977536,-41.4495179657447,150.0,-42.7191999994817,-43.81206934579205,-41.41957243593958,150.0,-44.96521999951452,-45.900773257462944,-43.78950311051426,150.0,-49.99999999950486,-49.99999999953081,-49.99999999947964,150.0,-40.71361999951011,-41.84412095025605,-39.32830963702435,150.0,-40.86221999950347,-42.157058316874355,-39.55475772343996,150.0,-41.77899999949012,-42.937066825628754,-40.50302888628422,150.0,-46.90223999951413,-47.560958463792325,-46.02935307124813,150.0,-48.21817999950173,-48.74708613392993,-47.522370503896724,150.0,-46.83159999948497,-47.53653474403737,-45.985481204289464,150.0,-47.07883999947583,-47.77901060457231,-46.333553460633894,150.0,-45.4430999995086,-46.30117090416215,-44.54206573099063,150.0,-32.03829629574922,-34.6189550447923,-29.226928010154488,150.0,-49.99999999948206,-49.999999999530665,-49.999999999432816,150.0,-34.73481481429861,-37.17107186296994,-32.09923620933005,150.0,-36.13155555506049,-38.63039958087237,-33.44669067926242,150.0,-31.137703703174743,-33.84275025294255,-28.61468851448395,150.0,-12.97353333284039,-13.392804337019712,-12.640152554747504,150.0,-16.772599999497057,-17.35529643748543,-16.0893656992581,150.0,-12.793199999529275,-13.209023908417695,-12.419577681405315,150.0,-13.020999999515801,-13.40567359457159,-12.701478963518872,150.0,-12.644599999505472,-13.017533940155285,-12.324840602993651
6,180.0,-45.83685999951564,-46.733857362992296,-44.74565192855319,180.0,-49.99999999949091,-49.99999999951452,-49.99999999946534,180.0,-41.79635999949477,-42.8531436221433,-40.41551870206916,180.0,-41.97357999949468,-43.16724594207133,-40.594006027621816,180.0,-42.248159999516226,-43.396681947143435,-40.954441352366814,180.0,-44.57787999950227,-45.527126750570574,-43.36544294989829,180.0,-49.99999999952681,-49.99999999955132,-49.999999999503515,180.0,-39.70485999950167,-40.95177342393825,-38.34498891668204,180.0,-40.056319999492196,-41.35291198465153,-38.78991424579335,180.0,-41.1517799994855,-42.42444628835019,-39.920328539563926,180.0,-46.11735999949698,-46.86440566797569,-45.21406352711418,180.0,-48.07663999949818,-48.627297662735394,-47.34692236492715,180.0,-46.502799999490755,-47.27635062853776,-45.650849199809,180.0,-46.58211999949304,-47.30568409404532,-45.805558244551065,180.0,-44.27701999948223,-45.18804163887208,-43.26533544387088,180.0,-30.43237036987046,-33.10967571020491,-27.856858677725228,180.0,-49.9999999994996,-49.999999999545075,-49.99999999945442,180.0,-33.51162962914097,-35.97803889973732,-30.792566974432166,180.0,-34.153999999474266,-36.921617321461085,-31.408138219686276,180.0,-29.78696296245669,-32.53392592541179,-27.36658203065081,180.0,-12.784066666164287,-13.19355368694491,-12.46207652101624,180.0,-16.65393333284052,-17.26094306719261,-15.975566910455349,180.0,-12.549133332844898,-12.966467434069386,-12.217973331698108,180.0,-12.65386666620529,-13.030255503581904,-12.355800780642465,180.0,-12.379133332766843,-12.756464525113826,-12.061685834612137
7,210.0,-45.664099999520474,-46.57597580010114,-44.568563762245525,210.0,-49.99999999948681,-49.9999999995125,-49.99999999945933,210.0,-40.79265999948152,-41.9478897009591,-39.278835857151385,210.0,-41.33649999950626,-42.6247105455408,-40.0185649479905,210.0,-41.15783999950986,-42.32583326259518,-39.76055455076216,210.0,-44.19209999949352,-45.1391171978267,-42.95862872847602,210.0,-49.9999999994809,-49.999999999504425,-49.99999999945751,210.0,-38.701299999484384,-39.973639625875705,-37.31212753036308,210.0,-39.189419999504196,-40.573344998159136,-37.855134825344415,210.0,-40.177499999511,-41.43575561315177,-38.85649823445077,210.0,-45.303259999498536,-46.165516937144375,-44.37853097519199,210.0,-47.7658999995031,-48.392328156114964,-47.06356665724291,210.0,-45.91635999951757,-46.775019999511635,-45.03745445041893,210.0,-46.383639999497966,-47.123997768371744,-45.54247645197418,210.0,-43.36865999949656,-44.31636000198739,-42.32350333995556,210.0,-29.341851851336937,-31.88048767157955,-26.80974678420611,210.0,-49.999999999482824,-49.99999999953858,-49.99999999943118,210.0,-30.83222222177119,-33.41926293561026,-28.28075171717453,210.0,-32.82992592542027,-35.67273041716545,-30.165497840226045,210.0,-28.962222221725664,-31.820381018613432,-26.612967013327005,210.0,-12.615533332818131,-13.034583673955213,-12.300318298566127,210.0,-16.555399999529143,-17.16647855959751,-15.871547792321056,210.0,-12.371399999475663,-12.780395781125122,-12.059090209072965,210.0,-12.406266666147394,-12.773031637287017,-12.124657790190478,210.0,-12.2197333328586,-12.569540834998365,-11.93741758104193
8,240.0,-45.59145999948596,-46.501622385339495,-44.497081544157766,240.0,-49.999999999497085,-49.99999999952177,-49.99999999947193,240.0,-39.95699999948402,-41.16518446102764,-38.51037378618852,240.0,-40.48547999949671,-41.81912526442865,-39.14406589831517,240.0,-40.50231999950243,-41.721424628147936,-39.04274598504413,240.0,-43.93743999949289,-44.94258826612917,-42.71435587426535,240.0,-49.99999999948077,-49.999999999504325,-49.99999999945353,240.0,-37.78589999948389,-39.125155316697466,-36.37509186781061,240.0,-38.38421999948291,-39.728821853528814,-36.98516263599582,240.0,-39.54893999949618,-40.7916417005817,-38.19067340078168,240.0,-44.73445999949668,-45.594447534273364,-43.77999241075283,240.0,-47.6285599994981,-48.25297822921393,-46.87448429835223,240.0,-45.443679999489845,-46.292587615211616,-44.518821941530334,240.0,-45.861319999500715,-46.62053673718417,-45.039262992441216,240.0,-43.043119999509344,-43.99531445389756,-41.94903928572103,240.0,-28.489407406942195,-31.006660150324233,-25.897444886032886,240.0,-49.999999999503224,-49.999999999550994,-49.9999999994569,240.0,-29.80933333282944,-32.36654112338621,-27.19667930605825,240.0,-31.49962962910409,-34.34109518711716,-28.873562193386057,240.0,-27.571851851309496,-30.18572548040142,-25.176192997481845,240.0,-12.47266666618389,-12.877444260731698,-12.147640407989911,240.0,-16.447666666117055,-17.079211430017736,-15.751879258771377,240.0,-12.177599999484416,-12.567165523798154,-11.883716462911224,240.0,-12.220733332793928,-12.58997378560104,-11.94866281181453,240.0,-12.057666666185527,-12.393159120745167,-11.775295861221384
9,270.0,-45.15823999948969,-46.07674945660123,-43.93706568032485,270.0,-49.99999999947854,-49.999999999504915,-49.99999999945253,270.0,-39.47523999952725,-40.678029151142546,-37.99447373997775,270.0,-39.77407999949224,-41.115262395252564,-38.38683737717252,270.0,-39.78421999950785,-41.12167438903853,-38.43638151409296,270.0,-43.66617999949337,-44.725820427560244,-42.41576826748497,270.0,-49.99999999951347,-49.99999999953816,-49.99999999948767,270.0,-36.92001999951839,-38.36652037353311,-35.534277642578424,270.0,-37.27353999951741,-38.750943792204396,-35.87527857931403,270.0,-38.594019999518665,-39.89641379560161,-37.20858405550515,270.0,-44.179419999508404,-45.0798339968263,-43.173866341277055,270.0,-47.52347999950196,-48.2077018183916,-46.78136409270497,270.0,-44.99969999949676,-45.87635918391827,-44.03148082976206,270.0,-45.30881999949628,-46.079870786177125,-44.39497733233933,270.0,-42.799959999488586,-43.809672764154826,-41.71830399603093,270.0,-28.03992592545173,-30.757709352340747,-25.56875943485633,270.0,-49.99999999953059,-49.99999999958084,-49.99999999948446,270.0,-29.24044444396497,-31.777483449426835,-26.599433851860873,270.0,-30.08333333282222,-32.973521303953774,-27.47064576982952,270.0,-26.724074073603166,-29.29638670084205,-24.2581340727485,270.0,-12.248133332812449,-12.631031285574533,-11.942176060971603,270.0,-16.389666666128658,-17.012303664270863,-15.6859349750904,270.0,-12.019733332829874,-12.413745667289826,-11.720469697527436,270.0,-12.043199999491375,-12.456480756752955,-11.775329998217304,270.0,-11.94686666613975,-12.28794939304109,-11.660945115662408
10,300.0,-44.914079999526194,-45.82778425872117,-43.59777472108534,300.0,-49.99999999951972,-49.99999999954269,-49.9999999994927,300.0,-39.051959999504085,-40.28519787098917,-37.50367469548488,300.0,-39.329839999497786,-40.6848696797161,-37.9173949343526,300.0,-39.470939999493375,-40.77006527936308,-37.99528614043455,300.0,-43.15947999949424,-44.24946406054288,-41.929452091302984,300.0,-49.99999999950135,-49.9999999995244,-49.99999999947653,300.0,-36.25531999948622,-37.7926194011506,-34.874439577158235,300.0,-36.40463999950751,-37.87380274052584,-34.99172374005566,300.0,-38.146739999489114,-39.43228976968877,-36.681367531427945,300.0,-43.98111999950079,-44.92848892217292,-42.990855669493435,300.0,-47.21231999948327,-47.87116719515107,-46.407240079285785,300.0,-44.360799999514434,-45.26084319609311,-43.338956768251506,300.0,-44.842239999535,-45.67536422519179,-43.87906718387858,300.0,-42.33049999950281,-43.36243628387143,-41.236420756394175,300.0,-27.866518517982854,-30.62187231049817,-25.47980082848986,300.0,-49.99999999951565,-49.99999999956718,-49.99999999946654,300.0,-28.962814814345936,-31.542707328595608,-26.345792545747003,300.0,-29.23355555505307,-32.16240868981775,-26.767882399133935,300.0,-26.205999999508585,-28.715835869040063,-23.895527641710967,300.0,-12.12886666624145,-12.515848960939001,-11.831125318571857,300.0,-16.318466666152176,-16.94976386619077,-15.59393719670598,300.0,-11.950533332837711,-12.348986849758722,-11.66272189992398,300.0,-11.896399999520098,-12.301603695468087,-11.634100718397601,300.0,-11.8566666661561,-12.192688998059483,-11.567191993180725
11,330.0,-44.77499999950087,-45.7344651872603,-43.5473664359844,330.0,-49.99999999949961,-49.99999999952553,-49.999999999474035,330.0,-38.3486799994904,-39.63581888305652,-36.770849207172304,330.0,-38.951899999525,-40.36907399935262,-37.48509302444183,330.0,-38.57709999949304,-39.97575502022113,-37.245096252192326,330.0,-42.91731999949868,-43.98135401559584,-41.53464780734098,330.0,-49.999999999486306,-49.999999999511886,-49.99999999946146,330.0,-35.36971999948542,-36.918209898042754,-33.9945831509047,330.0,-36.01521999948698,-37.498305559018284,-34.573398914940796,330.0,-37.577559999487036,-38.91937392401977,-36.1364366186458,330.0,-43.52785999948211,-44.485234816981475,-42.541502391848596,330.0,-47.14227999948943,-47.82489452252279,-46.297986532117655,330.0,-43.83937999950201,-44.75971471840161,-42.784589814797584,330.0,-44.27465999949632,-45.152406071370734,-43.3246389792115,330.0,-41.98199999948727,-43.010465972855734,-40.85224060123685,330.0,-26.901777777251493,-29.528016496609133,-24.597214651212017,330.0,-49.99999999947786,-49.99999999952842,-49.99999999942455,330.0,-27.92466666618876,-30.456006084643448,-25.350706771475448,330.0,-27.939259258742023,-30.742215912447406,-25.618283989438666,330.0,-25.5479999994524,-28.11269195535011,-23.26140518795939,330.0,-12.033399999512925,-12.412799038285252,-11.74069701805659,330.0,-16.238866666174555,-16.875027798557678,-15.50486465914073,330.0,-11.803199999493627,-12.175561975556867,-11.487350342416349,330.0,-11.758866666142948,-12.131661299489009,-11.512395614738862,330.0,-11.78099999949778,-12.123756730746278,-11.507642139710274
12,360.0,-44.45635999950054,-45.42065193621859,-43.23822388407626,360.0,-49.99999999948426,-49.99999999951022,-49.99999999945981,360.0,-37.63265999949636,-38.95208066465095,-36.09605289856015,360.0,-38.61611999950227,-40.069930898248714,-37.15544468010249,360.0,-38.035379999494985,-39.386355237067534,-36.701793382345976,360.0,-42.680619999495754,-43.75797250432631,-41.29000114225621,360.0,-49.99999999948976,-49.99999999951377,-49.999999999465935,360.0,-34.86753999949105,-36.401785053610666,-33.44186678887611,360.0,-35.34517999951763,-36.941476981054386,-33.988307256864786,360.0,-36.823199999488736,-38.12904971599664,-35.42191220010273,360.0,-43.32601999948511,-44.26415211443006,-42.30594387299491,360.0,-47.05821999949615,-47.772713045011095,-46.21049916972873,360.0,-43.34451999949499,-44.32585028195838,-42.28853863528879,360.0,-44.01363999951572,-44.870067867607226,-42.99782365097495,360.0,-41.40287999950868,-42.446060854337176,-40.219276144385375,360.0,-25.67548148100496,-28.148866536475524,-23.467412546279757,360.0,-49.99999999949858,-49.99999999954592,-49.999999999450004,360.0,-27.160296295823443,-29.597958894135544,-24.67268042817325,360.0,-27.087111110614302,-29.719614955014112,-24.684663696920843,360.0,-25.164074073545795,-27.828233557511506,-22.953631454932133,360.0,-11.84453333281293,-12.220195536180869,-11.56091508539849,360.0,-16.227999999496525,-16.870240389849833,-15.500913409432977,360.0,-11.67726666614249,-12.03281448095696,-11.390848141063119,360.0,-11.675266666168842,-12.056593853847264,-11.419258263400216,360.0,-11.691133332824542,-12.050104753390734,-11.414869291561232
13,390.0,-44.31917999949303,-45.27600993213095,-43.08107524365095,390.0,-49.99999999951309,-49.99999999953701,-49.999999999488104,390.0,-37.20927999948495,-38.607066992558856,-35.748982022905885,390.0,-37.9252799994942,-39.3566582388552,-36.48474439558205,390.0,-37.4367199995013,-38.792701414963666,-36.071259334094336,390.0,-42.599859999507174,-43.69880328263325,-41.21626775300572,390.0,-49.99999999949965,-49.9999999995252,-49.99999999947556,390.0,-34.225739999522325,-35.801170945110336,-32.906706817089415,390.0,-34.67825999950608,-36.19910833410144,-33.270878788375846,390.0,-36.299059999485465,-37.64801422720055,-34.83443500486195,390.0,-43.061979999508964,-44.04187775489204,-42.01059392141951,390.0,-46.90967999950125,-47.63331776381685,-46.05214008900425,390.0,-42.89577999949048,-43.94118234254015,-41.855581812313105,390.0,-43.5955199995039,-44.52033929860746,-42.57555263123307,390.0,-40.81399999951073,-41.84666385205425,-39.62243529399753,390.0,-25.66355555508232,-28.146768852409892,-23.462891357000835,390.0,-49.9999999995549,-49.99999999959664,-49.999999999508724,390.0,-25.485999999498677,-27.936191823189436,-23.221499274184353,390.0,-26.76651851805952,-29.43287380431083,-24.40574368612615,390.0,-23.823629629146964,-26.278682038237356,-21.73202974237155,390.0,-11.799599999492676,-12.15651053564127,-11.511979569347675,390.0,-16.195533332837105,-16.843041448196345,-15.43967598435111,390.0,-11.555466666195093,-11.93081998322723,-11.291749880626575,390.0,-11.62446666615834,-12.001138382976512,-11.356529515168955,390.0,-11.573066666170668,-11.925074542774402,-11.303800240200859
14,420.0,-44.05079999951269,-45.033353095657716,-42.814833721179866,420.0,-49.9999999995036,-49.9999999995274,-49.99999999947741,420.0,-36.563739999501,-37.933142230832125,-35.09261349181315,420.0,-37.66911999949922,-39.04239764666735,-36.19871042308845,420.0,-36.685679999480755,-38.0593817501933,-35.254290464606854,420.0,-42.3953199994983,-43.51071917309239,-41.04968326146434,420.0,-49.99999999950126,-49.99999999952604,-49.999999999478106,420.0,-33.76289999951429,-35.35432568753641,-32.339800515665544,420.0,-34.24929999946768,-35.812079647494535,-32.857430376342116,420.0,-36.068659999499666,-37.46500852059576,-34.64622299723783,420.0,-42.96335999952313,-43.95559103580637,-41.87403219034888,420.0,-46.771919999489135,-47.48986868602174,-45.876064697951044,420.0,-42.23443999950492,-43.308260977914564,-41.1738988260913,420.0,-43.3201799994999,-44.28065793586312,-42.26489091178734,420.0,-40.333959999509084,-41.39158252368864,-39.09444253886138,420.0,-25.502074073562085,-27.983947227999067,-23.2341896272456,420.0,-49.99999999949436,-49.99999999954447,-49.99999999944559,420.0,-25.26451851801986,-27.7349459206486,-22.951928578536137,420.0,-26.47170370320302,-29.162456013903576,-24.24922251292172,420.0,-23.11866666617581,-25.404160236335986,-21.040624152902033,420.0,-11.745599999505211,-12.124697027805452,-11.464136531760444,420.0,-16.122799999462483,-16.758387630314473,-15.369467252734792,420.0,-11.416399999477898,-11.789987109444484,-11.138018813069438,420.0,-11.588466666209854,-11.952963039654213,-11.325339074597602,420.0,-11.504333332817852,-11.877056018677488,-11.241192461651423
15,450.0,-43.91983999948378,-44.86132774794543,-42.69030567541842,450.0,-49.99999999952281,-49.99999999954814,-49.9999999994983,450.0,-36.11329999949175,-37.487108582646904,-34.58095445616727,450.0,-37.16153999949167,-38.550069134341776,-35.67937023701991,450.0,-36.404399999510495,-37.807599738641144,-35.03670019650716,450.0,-42.13177999951989,-43.26390460104128,-40.72062472924107,450.0,-49.99999999948415,-49.99999999950939,-49.999999999461416,450.0,-33.199539999512425,-34.67838976923768,-31.821623475448675,450.0,-34.04275999953562,-35.577836539744204,-32.618760539149896,450.0,-35.44379999948805,-36.88832731942406,-34.03752723265777,450.0,-42.81581999949966,-43.792728247423234,-41.74024557413367,450.0,-46.72449999951495,-47.46968110673146,-45.851414035532464,450.0,-41.867619999486976,-42.93934114484582,-40.81003244414666,450.0,-43.11673999950127,-44.06007286132466,-42.07177267964439,450.0,-39.81339999949324,-40.87200415119086,-38.644041008743386,450.0,-25.477999999495935,-27.97993270668043,-23.217859503651074,450.0,-49.99999999951246,-49.999999999557666,-49.999999999467384,450.0,-24.84422222172801,-27.343750055253793,-22.642531726028448,450.0,-25.915925925478227,-28.4474530876494,-23.72980202443115,450.0,-22.573629629146165,-24.91807069670794,-20.48538417322065,450.0,-11.651133332804468,-12.03522059177567,-11.382211146987531,450.0,-16.09726666614872,-16.73295998388159,-15.35486115095118,450.0,-11.339599999511806,-11.699799857718716,-11.063660296368498,450.0,-11.512266666164175,-11.889279189984457,-11.242828498694994,450.0,-11.450133332802665,-11.807970137167866,-11.185086639819831
16,480.0,-43.65817999950492,-44.65351525447029,-42.42611959197133,480.0,-49.999999999508574,-49.99999999953433,-49.999999999481965,480.0,-35.698659999491476,-37.008596753641605,-34.117542101404666,480.0,-36.653579999505354,-38.17756941665323,-35.279383785407866,480.0,-36.10927999949777,-37.554689342151086,-34.67702220851799,480.0,-42.05163999949679,-43.1790919034834,-40.65424586874143,480.0,-49.99999999950124,-49.999999999525755,-49.999999999477076,480.0,-32.9713999994978,-34.44424357700125,-31.62528742571889,480.0,-33.26721999948096,-34.80029151174366,-31.84885063972849,480.0,-34.9545199994965,-36.43491323728195,-33.42339096263092,480.0,-42.72255999948023,-43.7129090394892,-41.62754801497913,480.0,-46.49333999953017,-47.24198173712344,-45.55960693488078,480.0,-41.70255999950827,-42.78236982820377,-40.61677398972336,480.0,-42.78119999950593,-43.71022710038232,-41.71821259527551,480.0,-39.5448399995097,-40.578284170949736,-38.33580956563008,480.0,-25.101703703206823,-27.569654169631196,-22.81867046353631,480.0,-49.99999999949573,-49.999999999541416,-49.99999999945165,480.0,-24.823407406883423,-27.322077708821677,-22.637873803483323,480.0,-25.86192592544574,-28.412702686646615,-23.668049441004758,480.0,-21.795555555012292,-24.22822556284986,-19.96657994599861,480.0,-11.620199999537029,-11.99722766576975,-11.337940503693025,480.0,-16.061599999473735,-16.71514838708519,-15.31834584513458,480.0,-11.285999999493358,-11.656573137865355,-11.008241255564787,480.0,-11.450933332847702,-11.834658479814596,-11.185092592320089,480.0,-11.423466666122431,-11.793218703121003,-11.156072970398299
17,510.0,-43.65817999948585,-44.65351525445429,-42.426119591960784,510.0,-49.99999999949984,-49.999999999523375,-49.9999999994757,510.0,-35.42895999951947,-36.804029116034044,-33.82866070551097,510.0,-36.310699999483646,-37.765996038698646,-34.83402555875914,510.0,-35.84045999948441,-37.238955012147954,-34.426048933041514,510.0,-41.977959999490594,-43.046037422098145,-40.56556754982989,510.0,-49.999999999475556,-49.999999999500275,-49.999999999448136,510.0,-32.68541999950039,-34.18327352068665,-31.336845091798526,510.0,-32.88339999949193,-34.32709916434371,-31.357396076136496,510.0,-34.667439999492416,-36.11467070969119,-33.12062517448993,510.0,-42.57921999947497,-43.5748741448442,-41.46359501716727,510.0,-46.3630599994994,-47.165405634048675,-45.447633895723975,510.0,-41.358919999523145,-42.41204775972845,-40.257322118414145,510.0,-42.54169999951308,-43.48344125392992,-41.473572817941154,510.0,-39.105239999510324,-40.190209195543204,-37.910112158253455,510.0,-25.017555555077227,-27.54087728404984,-22.770107086497156,510.0,-49.999999999540485,-49.9999999995882,-49.999999999488665,510.0,-24.70451851799695,-27.21487805186133,-22.443933661153626,510.0,-25.7534814810039,-28.349253282414804,-23.57907732192068,510.0,-21.536370369850573,-23.822471694300447,-19.710620550690738,510.0,-11.582733332830658,-11.96783153419291,-11.305606266776751,510.0,-16.017199999465458,-16.67021137122538,-15.269651871284132,510.0,-11.253466666185084,-11.618590434169855,-10.984380826113158,510.0,-11.405799999480601,-11.773119438270786,-11.139348233742094,510.0,-11.375199999475338,-11.747909388820792,-11.105173103707134
18,540.0,-43.59051999950431,-44.56377637284446,-42.28275966598036,540.0,-49.999999999501334,-49.999999999526715,-49.99999999947697,540.0,-35.33175999951642,-36.71442540794066,-33.70395029306895,540.0,-35.99829999948979,-37.47366200908748,-34.56424148617057,540.0,-35.480539999485686,-36.92240208745252,-34.00507298575481,540.0,-41.78311999951217,-42.94778517243775,-40.444457684247865,540.0,-49.99999999948172,-49.99999999950709,-49.99999999945666,540.0,-32.47445999951175,-33.96989097035008,-31.09666810979814,540.0,-32.32285999949133,-33.82152892286609,-30.87954934839207,540.0,-34.429559999487786,-35.86342929765726,-32.87545400416911,540.0,-42.466979999532306,-43.48291568591098,-41.43035194408731,540.0,-46.296239999505744,-47.097986521609194,-45.368237398679966,540.0,-41.003539999513585,-42.04268718418997,-39.868794611633746,540.0,-42.280299999495675,-43.245295561616665,-41.211085454659724,540.0,-38.78231999949297,-39.90366167169961,-37.602602837051656,540.0,-24.73385185132678,-27.16220740433008,-22.553552916869233,540.0,-49.99999999948378,-49.999999999528555,-49.999999999436895,540.0,-24.276222221708725,-26.688361009430935,-22.00348217598643,540.0,-25.201925925440033,-27.790312076177074,-23.06185033787053,540.0,-21.5171111105858,-23.78532961297683,-19.68687239247597,540.0,-11.560599999505984,-11.943082706969701,-11.29166962020304,540.0,-15.975066666167228,-16.644955794879486,-15.203293390212272,540.0,-11.201599999470417,-11.552499682835299,-10.919195993565303,540.0,-11.330066666205461,-11.699644200254346,-11.07390738685243,540.0,-11.283266666186808,-11.689297762073453,-11.015024663348285
19,570.0,-43.51709999949582,-44.50390314620537,-42.22954022522447,570.0,-49.99999999950218,-49.99999999952841,-49.999999999478185,570.0,-35.082379999506365,-36.458197526424605,-33.4819147596356,570.0,-35.55935999950062,-36.99837131925974,-34.09834718852033,570.0,-35.34507999949984,-36.82169357648127,-33.87091603210091,570.0,-41.58097999951334,-42.76768181052217,-40.22717935260311,570.0,-49.999999999523155,-49.99999999954958,-49.99999999949789,570.0,-32.31643999949816,-33.790016567256814,-30.934134248970143,570.0,-31.742699999503817,-33.312067407447714,-30.320725037910872,570.0,-33.99409999950529,-35.48574997262232,-32.410029168365845,570.0,-42.28031999948956,-43.2744326717661,-41.205945850048316,570.0,-46.21509999950941,-47.05515394901825,-45.32864418324105,570.0,-40.65491999951305,-41.721579529088295,-39.49628540968303,570.0,-41.912119999494706,-42.88859549349167,-40.80985154009018,570.0,-38.54635999950021,-39.67003821117591,-37.386964581068234,570.0,-24.705851851264633,-27.1222970369623,-22.52331352206225,570.0,-49.999999999509534,-49.99999999956216,-49.9999999994615,570.0,-23.06185185128762,-25.389799791355735,-21.01205806962628,570.0,-25.16585185138716,-27.774938893514474,-23.040860132261404,570.0,-21.381259258725184,-23.69033902588101,-19.546983972639605,570.0,-11.541199999483537,-11.926218114680855,-11.270951974394826,570.0,-15.96986666619349,-16.64063771104985,-15.190761051017589,570.0,-11.164999999541976,-11.525509012888069,-10.884895673696123,570.0,-11.297399999496488,-11.686197045088807,-11.04042291348724,570.0,-11.225333332828654,-11.616571232283567,-10.949167704779393
20,600.0,-43.264519999501076,-44.2526857861566,-41.92460708708041,600.0,-49.99999999949115,-49.999999999515104,-49.99999999946728,600.0,-34.62361999951836,-35.957066864319515,-32.95046051527473,600.0,-35.29885999949176,-36.75972292231457,-33.840275514235906,600.0,-34.9183599994956,-36.38064164423572,-33.46620010798067,600.0,-41.38485999947744,-42.520614826884646,-39.98319277822192,600.0,-49.999999999512944,-49.99999999953623,-49.99999999948503,600.0,-31.723379999486777,-33.25152827936795,-30.312344140983612,600.0,-31.46797999949826,-33.042547045837786,-30.07026329910481,600.0,-33.71305999948447,-35.210061822648,-32.130173653340364,600.0,-42.169579999456,-43.14904628221232,-41.097473296366736,600.0,-46.07819999950116,-46.93147714012059,-45.18873248088437,600.0,-40.54263999948303,-41.558038239223926,-39.35713081941715,600.0,-41.486219999498275,-42.48920982370099,-40.39443625232673,600.0,-38.41183999949704,-39.539821558805926,-37.25296949680516,600.0,-24.272074073551295,-26.709250827751585,-22.142721023808193,600.0,-49.99999999950696,-49.99999999955858,-49.999999999457145,600.0,-22.80622222173032,-25.191632022128225,-20.871301900275814,600.0,-24.567481480903798,-27.228079569822118,-22.47793245300197,600.0,-20.992666666161856,-23.171322669063816,-19.202412643346406,600.0,-11.537999999472209,-11.925767433858148,-11.26726804414627,600.0,-15.96246666621351,-16.633918011761992,-15.188329661877447,600.0,-11.136333332850677,-11.492739732049786,-10.862607589997396,600.0,-11.27013333283085,-11.660254079356884,-11.010679915476368,600.0,-11.20633333286964,-11.597808229892976,-10.929549141772794
21,630.0,-43.19155999951214,-44.186326472005156,-41.83796580648633,630.0,-49.99999999949189,-49.99999999951581,-49.99999999946778,630.0,-34.25937999950776,-35.63202318307881,-32.71738641674833,630.0,-34.98157999950464,-36.46844618520462,-33.4912542511723,630.0,-34.67719999948983,-36.162114633873934,-33.234084367201966,630.0,-41.3631599995056,-42.509784073694334,-39.978102337716784,630.0,-49.999999999488296,-49.99999999951149,-49.99999999946306,630.0,-31.232999999504898,-32.625737252022674,-29.772025016919674,630.0,-31.189439999482808,-32.77309352225693,-29.76733454115204,630.0,-33.53795999949289,-35.07886915180257,-31.972035700469394,630.0,-42.057899999503235,-43.045341518195244,-40.97600380002058,630.0,-46.072899999513396,-46.931030060712224,-45.18272236090472,630.0,-40.25641999950448,-41.28207005310898,-38.982114380867785,630.0,-41.36687999950871,-42.3885297293376,-40.22375385711552,630.0,-38.07925999949653,-39.25874595628337,-36.93328193511198,630.0,-24.016444443917376,-26.44324225724646,-21.83985486839654,630.0,-49.999999999504624,-49.999999999551655,-49.99999999945381,630.0,-22.704962962486146,-25.08449805791823,-20.7556774083735,630.0,-23.721629629119697,-26.367863406234207,-21.66786973212504,630.0,-20.830592592102253,-23.082764675718607,-19.06272984708803,630.0,-11.509866666165953,-11.871025363746194,-11.236103158136666,630.0,-15.944999999518478,-16.620182602660396,-15.164460617250759,630.0,-11.087666666145681,-11.452935218850321,-10.819150382043235,630.0,-11.256066666153426,-11.650694329563802,-11.000226897302642,630.0,-11.151599999517833,-11.537284595469824,-10.871692558721369
22,660.0,-43.08435999950904,-44.096597027007476,-41.76335616360741,660.0,-49.99999999948563,-49.99999999951115,-49.999999999462254,660.0,-33.8645599995238,-35.26052810382077,-32.279628843788274,660.0,-34.67997999948804,-36.12674314799578,-33.20329016200396,660.0,-34.45189999950911,-35.97572355292773,-33.01282526576188,660.0,-41.17249999951671,-42.330337144408055,-39.71801861088073,660.0,-49.99999999949412,-49.99999999951801,-49.999999999468315,660.0,-30.9465799994967,-32.41631834641314,-29.536955734298257,660.0,-30.547739999495697,-32.13670224707092,-29.187638098619782,660.0,-33.35609999951043,-34.929518477289456,-31.874696435861555,660.0,-42.00659999949763,-43.040240406980615,-40.960604041099735,660.0,-46.01339999951732,-46.91113753240034,-45.138969886134625,660.0,-39.97601999948811,-41.085576544090806,-38.751649498783,660.0,-40.85485999949222,-41.89306317308374,-39.75483950855445,660.0,-37.93399999952596,-39.13093194805888,-36.73443435052976,660.0,-23.988370369846535,-26.435239186975128,-21.827090300100902,660.0,-49.99999999951968,-49.99999999956372,-49.99999999946639,660.0,-22.424888888392744,-24.80137139429422,-20.419140332171374,660.0,-23.45696296242099,-26.056264157714377,-21.43022080171776,660.0,-20.745925925423325,-23.010813141206953,-18.978919403256885,660.0,-11.492733332826615,-11.859847363245848,-11.217276196628683,660.0,-15.925866666194095,-16.608243905378252,-15.155834951532304,660.0,-11.049066666138751,-11.44055401229402,-10.781643401375987,660.0,-11.24786666617853,-11.638435008542327,-10.988105520224373,660.0,-11.123866666195552,-11.522618021871567,-10.844188473832045
23,690.0,-43.01083999950942,-44.02523218486569,-41.66533935913434,690.0,-49.999999999484714,-49.999999999510536,-49.999999999461345,690.0,-33.66695999950062,-35.065561853579695,-32.0570403440109,690.0,-34.41081999951014,-35.85162655684582,-32.858792693384146,690.0,-34.34969999952401,-35.839654817931894,-32.89666097578059,690.0,-41.088059999506605,-42.26921832660088,-39.71993231839464,690.0,-49.99999999947774,-49.99999999950063,-49.99999999945229,690.0,-30.85773999952082,-32.31115984236835,-29.439047199370705,690.0,-30.430279999491674,-31.98367406173991,-29.013266432136575,690.0,-33.23811999950617,-34.82690438395654,-31.750891476357577,690.0,-41.74629999952521,-42.7392770203068,-40.65119931264768,690.0,-45.97853999947542,-46.87007427476124,-45.110344546662425,690.0,-39.72167999949264,-40.84716699998063,-38.52268420706356,690.0,-40.440279999488354,-41.4354410734314,-39.29655951782944,690.0,-37.5289199995095,-38.680634311896796,-36.35098449326849,690.0,-23.721925925425133,-26.16916176399632,-21.64456520715295,690.0,-49.99999999948473,-49.99999999952803,-49.99999999943484,690.0,-22.371925925422342,-24.731201617678863,-20.366398847886614,690.0,-23.400888888411565,-26.02107936373197,-21.378224809456746,690.0,-20.502296295778432,-22.67444416333549,-18.812348028293698,690.0,-11.491333332806125,-11.8593252856178,-11.215258046238825,690.0,-15.921399999472914,-16.59985576942168,-15.15190439712898,690.0,-11.038399999475294,-11.426561233539003,-10.773968085960528,690.0,-11.218466666158742,-11.63149332121745,-10.960454774937535,690.0,-11.085133332846159,-11.477294357343187,-10.805238073734346
24,720.0,-42.9268799994849,-43.94175285478209,-41.556487185327896,720.0,-49.99999999951031,-49.99999999953496,-49.999999999484125,720.0,-33.41105999951577,-34.83431749172143,-31.748480173260567,720.0,-34.2615999994991,-35.7481597564164,-32.75041506124548,720.0,-34.00935999950162,-35.458896020507126,-32.521085065043664,720.0,-41.081539999505935,-42.25134048771568,-39.692956838248826,720.0,-49.9999999995146,-49.99999999953981,-49.99999999949029,720.0,-30.460519999499414,-31.96748316216258,-29.116403444380868,720.0,-30.24657999950005,-31.8149991328783,-28.88993296838724,720.0,-32.882459999518524,-34.496006933037165,-31.44475256245989,720.0,-41.68291999948923,-42.68460060693252,-40.560123848112674,720.0,-45.87169999950916,-46.78803057469217,-44.98235065957815,720.0,-39.270239999501186,-40.33053172506387,-38.03805641499896,720.0,-40.217879999521664,-41.21618437728777,-39.07332488423653,720.0,-37.217339999503686,-38.375768230254984,-36.05679711154993,720.0,-23.70511111059588,-26.159306775909673,-21.598431001139456,720.0,-49.999999999482824,-49.99999999953259,-49.99999999943578,720.0,-22.34311111058823,-24.70703462363681,-20.344631113255772,720.0,-23.324444443972016,-25.941870942177218,-21.296485499665565,720.0,-20.449851851391664,-22.574990218151598,-18.73584791630816,720.0,-11.468133332865545,-11.837043096817881,-11.190181484296705,720.0,-15.903666666183359,-16.587954513179067,-15.151661808937966,720.0,-11.007333332824144,-11.402069233932895,-10.741984122233498,720.0,-11.1963999994954,-11.600781707289451,-10.943163621843391,720.0,-11.031866666175667,-11.413784015243253,-10.75845498263597
25,750.0,-42.92687999952159,-43.94175285482961,-41.55648718537554,750.0,-49.99999999951239,-49.9999999995392,-49.99999999948728,750.0,-33.050599999501124,-34.456263742428135,-31.403723894835444,750.0,-33.94931999949927,-35.45193406628482,-32.47823950886006,750.0,-33.82377999948466,-35.32645035543418,-32.36557716404183,750.0,-40.82697999948034,-42.010397748011414,-39.42089194387385,750.0,-49.999999999493525,-49.99999999952052,-49.99999999946758,750.0,-30.167439999488472,-31.685687295555738,-28.78201475802577,750.0,-29.88517999950623,-31.47631259790604,-28.529545782092182,750.0,-32.455399999490616,-34.04050108169502,-30.983251674837152,750.0,-41.52165999950865,-42.56841192847401,-40.46019904646508,750.0,-45.817439999495726,-46.70891913276537,-44.91855409957807,750.0,-39.04321999950188,-40.14208040883751,-37.830643035041724,750.0,-40.08215999949101,-41.056588447389764,-38.939131861154266,750.0,-37.00603999950692,-38.134751595294645,-35.83797011656717,750.0,-23.690370369844793,-26.17095382400389,-21.608300153190886,750.0,-49.99999999946909,-49.99999999951631,-49.99999999942095,750.0,-21.951037036544605,-24.347278203769353,-20.02672935366026,750.0,-23.1774814809416,-25.811941233366127,-21.16719577055437,750.0,-20.436296295795383,-22.560395185899214,-18.72780813492354,750.0,-11.449933332832684,-11.807209633564597,-11.173630388849265,750.0,-15.882066666155218,-16.57800817090412,-15.119187010517066,750.0,-10.987666666186756,-11.386913691225475,-10.72444488148522,750.0,-11.175066666151677,-11.57280207102204,-10.92069840022983,750.0,-10.984333332779915,-11.363998960645004,-10.70371191169765
26,780.0,-42.862439999498534,-43.909186915125034,-41.5056264103338,780.0,-49.999999999516845,-49.9999999995422,-49.99999999949166,780.0,-32.84649999950733,-34.27293880243111,-31.199736556571548,780.0,-33.84581999949602,-35.33729353437924,-32.362491633783044,780.0,-33.70159999950264,-35.19203564993559,-32.26834839749727,780.0,-40.679799999479826,-41.877139721058654,-39.218490857950094,780.0,-49.99999999950185,-49.99999999952952,-49.99999999947831,780.0,-29.777859999497274,-31.238925566521353,-28.33535889496426,780.0,-29.400979999480363,-30.978248791289044,-28.04385704820609,780.0,-32.11803999949666,-33.633263070135115,-30.64639845574492,780.0,-41.43539999950332,-42.49196698667812,-40.392885399680196,780.0,-45.76083999947918,-46.67048275631444,-44.85856096641737,780.0,-38.79437999949962,-39.8687932481329,-37.55178528142171,780.0,-39.79647999952418,-40.77770952931081,-38.666414236719405,780.0,-36.735419999519806,-37.85232599022247,-35.54390825373971,780.0,-23.452296295736843,-25.903854015782372,-21.347630328860323,780.0,-49.999999999504006,-49.99999999955675,-49.999999999454694,780.0,-21.906814814323376,-24.312750815734262,-19.96686846073771,780.0,-23.13259259208371,-25.76134522709398,-21.12526065792798,780.0,-20.30066666616333,-22.479398549139745,-18.617228640638945,780.0,-11.434333332835944,-11.799914050985775,-11.167169086506242,780.0,-15.878466666137905,-16.576489650242767,-15.116976846182501,780.0,-10.966066666165087,-11.348268013092328,-10.70286508679701,780.0,-11.15613333283241,-11.550937288804015,-10.902600823474643,780.0,-10.958466666165366,-11.332516133081215,-10.681866666173422
27,810.0,-42.86243999948385,-43.909186915110595,-41.505626410311564,810.0,-49.9999999995081,-49.999999999533465,-49.99999999948614,810.0,-32.598739999501944,-34.030250337035014,-31.053885205456062,810.0,-33.59399999949784,-35.02192515291616,-32.02207632288361,810.0,-33.363019999482056,-34.86719727290465,-31.942560678946833,810.0,-40.679799999507594,-41.87713972109152,-39.21849085798636,810.0,-49.999999999480124,-49.99999999950428,-49.99999999945241,810.0,-29.501839999507627,-30.959846713487728,-28.047979314826595,810.0,-29.282959999489574,-30.90587367198712,-27.922611477622567,810.0,-31.785039999497773,-33.29428504646226,-30.300413867924227,810.0,-41.38381999949858,-42.43889510674169,-40.327593962045654,810.0,-45.71245999950407,-46.590121235851846,-44.79434351659467,810.0,-38.637559999467264,-39.73201790690082,-37.42237068262409,810.0,-39.658019999519375,-40.64076067765617,-38.52929292069535,810.0,-36.54989999948483,-37.652462261217515,-35.362831554069466,810.0,-23.41066666620242,-25.91687684830648,-21.331278747463966,810.0,-49.999999999525485,-49.999999999569454,-49.999999999474205,810.0,-21.821111110595965,-24.26395597979344,-19.88206785926638,810.0,-22.882518518007018,-25.48465087637268,-20.935655473817842,810.0,-20.287999999482402,-22.461520807529357,-18.58678938044801,810.0,-11.42059999948541,-11.788376523031623,-11.151906364824509,810.0,-15.850799999468675,-16.54644960854754,-15.087065269265471,810.0,-10.926733332816468,-11.33146666614481,-10.666628586175161,810.0,-11.117866666167997,-11.505585023396636,-10.849873617220652,810.0,-10.954933332835886,-11.333627486160747,-10.676037887455259
28,840.0,-42.77049999949347,-43.79623104246413,-41.419773460790616,840.0,-49.99999999950135,-49.99999999952802,-49.999999999474745,840.0,-32.392919999510845,-33.86719760987295,-30.765846475511044,840.0,-33.31347999950168,-34.78524332807195,-31.775526164288255,840.0,-33.13377999950266,-34.620357538025075,-31.73154856720803,840.0,-40.551559999505415,-41.74045088455499,-39.0412311627822,840.0,-49.99999999949922,-49.999999999523865,-49.99999999947314,840.0,-29.253539999508238,-30.68508704674321,-27.777113266467094,840.0,-29.235679999495353,-30.852582041505258,-27.87493134892778,840.0,-31.6860199995083,-33.1708471997096,-30.194699719332963,840.0,-41.14929999949984,-42.200621471834296,-40.087774600028084,840.0,-45.62805999948566,-46.545235803275546,-44.71841662798951,840.0,-38.63073999949298,-39.7299238402452,-37.423460200617136,840.0,-39.477259999478,-40.46924102375216,-38.356443626942806,840.0,-36.47989999950262,-37.55469775343617,-35.27745190192306,840.0,-23.394444443928244,-25.87605380583498,-21.280878407300722,840.0,-49.99999999949406,-49.99999999954947,-49.99999999944762,840.0,-21.674222221747186,-24.085770310638907,-19.76207245146091,840.0,-22.86748148097835,-25.471201638945594,-20.916784421798887,840.0,-19.82407407357395,-21.79527664459169,-18.204987333683853,840.0,-11.413866666195528,-11.786881985624108,-11.145853496854937,840.0,-15.830133332849273,-16.52356428448359,-15.083615308327772,840.0,-10.877933332849306,-11.26740107335435,-10.629424024959011,840.0,-11.051266666170074,-11.432263859841685,-10.783719592420413,840.0,-10.922399999484806,-11.293510067316904,-10.645069887071834
29,870.0,-42.58783999949539,-43.65398556226692,-41.211075705464246,870.0,-49.99999999951467,-49.99999999954262,-49.99999999949175,870.0,-32.10247999951114,-33.59101047867195,-30.49285876248818,870.0,-33.069939999513956,-34.511037315807535,-31.55283760609755,870.0,-32.89181999951824,-34.414382714577044,-31.50204352377295,870.0,-40.53285999951435,-41.72754079528699,-39.03753373320031,870.0,-49.99999999951945,-49.99999999954241,-49.99999999949543,870.0,-28.97005999950021,-30.44280180387617,-27.50663911666082,870.0,-28.891199999509162,-30.442591439509233,-27.524643130642136,870.0,-31.42153999952116,-32.9697626265104,-29.944332347003375,870.0,-41.042499999470394,-42.083037012268115,-39.925053370570545,870.0,-45.58529999949434,-46.491341815000396,-44.62852785271813,870.0,-38.40491999951639,-39.517665442043935,-37.195019181840294,870.0,-39.41753999952855,-40.3858659625037,-38.28395855306713,870.0,-36.35067999948879,-37.4710403047696,-35.162860389887996,870.0,-23.347999999504264,-25.90180373969087,-21.25829668450649,870.0,-49.99999999947899,-49.99999999952839,-49.99999999943612,870.0,-21.59051851803581,-24.072228160359913,-19.68436314830464,870.0,-22.8088888884392,-25.448972435679565,-20.886212964307934,870.0,-19.729259258754695,-21.685649339703442,-18.08181927167747,870.0,-11.393133332824458,-11.771486532296196,-11.123536150546219,870.0,-15.81726666615797,-16.517687202317163,-15.072891488752688,870.0,-10.84246666619404,-11.24437572932668,-10.589934059211586,870.0,-11.017733332842448,-11.401240654131358,-10.755103589132041,870.0,-10.908466666142168,-11.286623831797145,-10.631592978865173
30,900.0,-42.52207999951406,-43.582604109597725,-41.119199591131505,900.0,-49.99999999949294,-49.99999999951635,-49.999999999466766,900.0,-31.786099999498383,-33.26551789318549,-30.13495548111923,900.0,-32.992059999497656,-34.4293744585272,-31.434839343998384,900.0,-32.703899999516906,-34.21146608933003,-31.228314341838132,900.0,-40.38341999950374,-41.57454001616497,-38.83948098071102,900.0,-49.99999999949429,-49.999999999519986,-49.99999999946958,900.0,-28.51335999949084,-29.914940735600638,-27.074656038400562,900.0,-28.61905999948279,-30.167990176529358,-27.26246398335714,900.0,-31.234099999494003,-32.79732203557685,-29.795792631113333,900.0,-40.90769999947111,-41.94774641673078,-39.806498973205926,900.0,-45.57085999948939,-46.48147746646697,-44.61821275552943,900.0,-38.278159999495045,-39.351061564861645,-37.03257700249403,900.0,-39.29973999951591,-40.25060634124885,-38.161582867063764,900.0,-36.338279999490325,-37.46383875955234,-35.15096337276247,900.0,-23.301999999533123,-25.84040154088522,-21.201870589735393,900.0,-49.999999999514316,-49.99999999956055,-49.99999999947108,900.0,-21.547259258752188,-24.04276925577602,-19.644737277888687,900.0,-22.200148147622507,-24.814518034024925,-20.312699751723287,900.0,-19.670888888392586,-21.638666666184964,-18.02934158598351,900.0,-11.38179999951722,-11.76832321400615,-11.119554731646863,900.0,-15.817266666198156,-16.517687202384842,-15.07289148879701,900.0,-10.812999999494966,-11.21545313478011,-10.547048779169428,900.0,-10.980399999525208,-11.36632586429756,-10.717276166133844,900.0,-10.882466666133796,-11.26323712564393,-10.605037341548739
31,930.0,-42.52207999950643,-43.582604109608084,-41.11919959113511,930.0,-49.99999999950785,-49.999999999533145,-49.99999999948403,930.0,-31.652639999489075,-33.12185330082703,-30.0011060575658,930.0,-32.84083999949518,-34.266265865883526,-31.267963781670144,930.0,-32.56853999949894,-34.133694087824814,-31.116849347772153,930.0,-40.321499999513435,-41.50968723843546,-38.76109207210605,930.0,-49.99999999947372,-49.999999999499245,-49.9999999994472,930.0,-28.399859999497323,-29.79940338978269,-26.9603774579175,930.0,-28.24139999951844,-29.815991599224226,-26.906648445110655,930.0,-31.038319999511373,-32.60229665278781,-29.59079239517199,930.0,-40.764059999496574,-41.83881293892326,-39.6370417430135,930.0,-45.460919999498486,-46.370566716043605,-44.50941172493098,930.0,-37.955539999481715,-39.01147590019433,-36.69975369824658,930.0,-39.17471999951406,-40.146341379238976,-38.06864328042616,930.0,-36.2619999994913,-37.37707226593141,-35.05775794609685,930.0,-23.279185184706538,-25.813377127717345,-21.164451742213643,930.0,-49.99999999951118,-49.999999999555925,-49.999999999461814,930.0,-21.27140740690482,-23.73496601782113,-19.388525970842338,930.0,-22.165481480963223,-24.75191746620152,-20.31072151727507,930.0,-19.563629629158417,-21.50871463967593,-17.934698254977583,930.0,-11.366466666215992,-11.744927703387354,-11.097933332893824,930.0,-15.816066666180207,-16.51615376318682,-15.0715079614873,930.0,-10.802533332802822,-11.199282877033509,-10.532476046436226,930.0,-10.948933332809602,-11.332982802329772,-10.681414454631728,930.0,-10.879199999474631,-11.26211513721758,-10.603112078079919
32,960.0,-42.39583999948064,-43.46178264893,-40.99925066269843,960.0,-49.99999999949761,-49.999999999522714,-49.99999999947253,960.0,-31.45381999952028,-32.92896254339776,-29.723253150689313,960.0,-32.69599999948719,-34.1043763811979,-31.13261477980756,960.0,-32.53067999951121,-34.07105584271766,-31.03771417320729,960.0,-40.32149999951277,-41.509687238452365,-38.761092072103565,960.0,-49.99999999950764,-49.99999999953433,-49.99999999948316,960.0,-28.191559999492014,-29.59015373230113,-26.69589690718762,960.0,-28.19487999947377,-29.79545607890457,-26.844439853973803,960.0,-30.96827999949347,-32.51950890297303,-29.527879310863675,960.0,-40.488719999494776,-41.543777318925095,-39.31501139409239,960.0,-45.45847999951271,-46.368089913084205,-44.514081393809995,960.0,-37.828419999490535,-38.879191971540266,-36.60589633898025,960.0,-39.02269999948868,-39.9784836547339,-37.85559534241302,960.0,-36.082799999482845,-37.18421988762656,-34.867117807649755,960.0,-22.978444443935967,-25.419093918955856,-20.886129115901685,960.0,-49.99999999949037,-49.99999999954054,-49.99999999944426,960.0,-21.069481480960153,-23.525045108219796,-19.198397113846482,960.0,-22.14340740692419,-24.755717844518422,-20.281786231481867,960.0,-19.535999999476203,-21.475011912943877,-17.86206789047364,960.0,-11.364533332857569,-11.743133332829464,-11.092233575341263,960.0,-15.792399999468037,-16.49085798489747,-15.037403931173522,960.0,-10.781333332807451,-11.17800733683279,-10.519725285343567,960.0,-10.934999999524115,-11.306254032957924,-10.659943059989603,960.0,-10.87659999956305,-11.259771048939214,-10.600170089452202
33,990.0,-42.32707999949126,-43.38443439350987,-40.93455732059261,990.0,-49.999999999510415,-49.99999999953566,-49.999999999486775,990.0,-31.236159999499673,-32.65976322573602,-29.49794896595422,990.0,-32.61165999950763,-34.06761684157323,-31.056119624902035,990.0,-32.22787999950523,-33.80038153587231,-30.717567872394593,990.0,-40.24651999950231,-41.461841444098916,-38.70681471888962,990.0,-49.999999999511914,-49.999999999538396,-49.999999999489404,990.0,-28.16469999950077,-29.566452618875424,-26.682529539069073,990.0,-28.013659999491278,-29.559859334556634,-26.67444285123023,990.0,-30.7452799994873,-32.28800701899752,-29.227264624055604,990.0,-40.360739999511395,-41.44704547039734,-39.23341901423376,990.0,-45.360559999485645,-46.31976147810758,-44.39692306129206,990.0,-37.619559999486135,-38.69780898076337,-36.38978503221441,990.0,-38.934299999502926,-39.910061405540134,-37.769343287987105,990.0,-35.88625999949629,-36.98484970390762,-34.680382491048334,990.0,-22.9719999995284,-25.399664098180565,-20.87025584705905,990.0,-49.99999999947679,-49.99999999952978,-49.999999999422975,990.0,-21.034148147657,-23.486015837660048,-19.135110702767363,990.0,-21.824370369814392,-24.457544856576195,-19.90787927069664,990.0,-19.41488888837546,-21.358062004015817,-17.71276562421828,990.0,-11.346666666123715,-11.741624757598517,-11.075823521744356,990.0,-15.788733332804677,-16.48969538905996,-15.029983045909567,990.0,-10.761666666160831,-11.141584599672619,-10.498240483430875,990.0,-10.934999999524658,-11.306254032954891,-10.659943059982243,990.0,-10.843333332821587,-11.220674755239417,-10.56786666615358
34,1020.0,-42.31923999949108,-43.36909265407593,-40.923795200961145,1020.0,-49.999999999500446,-49.99999999952305,-49.9999999994737,1020.0,-31.07365999949983,-32.5041853002511,-29.337170424739377,1020.0,-32.577579999479426,-34.04124201801025,-31.027557128096273,1020.0,-31.986799999494046,-33.63384619202758,-30.4908704433773,1020.0,-40.11995999948063,-41.33610272056794,-38.577788822904544,1020.0,-49.999999999495195,-49.999999999519524,-49.99999999946974,1020.0,-27.994439999510696,-29.458696461900654,-26.572876109065692,1020.0,-27.915539999505164,-29.491241802552132,-26.57282294163082,1020.0,-30.733059999505844,-32.31586281172685,-29.226848354624117,1020.0,-40.3563399995073,-41.445236748985614,-39.22961234960314,1020.0,-45.36055999951126,-46.31976147811986,-44.39692306132132,1020.0,-37.39035999951397,-38.532014714662495,-36.1269908027647,1020.0,-38.87715999948616,-39.86334599756889,-37.67939074524102,1020.0,-35.700839999500396,-36.847423214448774,-34.47553181117934,1020.0,-22.95199999950136,-25.38581169244453,-20.851064983431993,1020.0,-49.999999999461956,-49.99999999950728,-49.99999999941133,1020.0,-20.99933333285822,-23.44523666093073,-19.109843918222495,1020.0,-21.816962962442723,-24.437537223993388,-19.895914521112676,1020.0,-19.33237036984478,-21.260698339195024,-17.629661086153867,1020.0,-11.339266666184807,-11.741097790591384,-11.070333332835,1020.0,-15.759133332825838,-16.475076790156447,-15.012556843484413,1020.0,-10.754466666180479,-11.122230138041893,-10.486542646905304,1020.0,-10.910399999464566,-11.296006110652609,-10.63300108171214,1020.0,-10.806599999501309,-11.182979672251582,-10.533061355749501
35,1050.0,-42.25551999949183,-43.33574221113321,-40.88097365707933,1050.0,-49.999999999499494,-49.99999999952801,-49.99999999947461,1050.0,-31.03293999950736,-32.47704423054635,-29.31818955471965,1050.0,-32.276219999490706,-33.77660042374262,-30.785472463285373,1050.0,-31.872239999510356,-33.45663085002678,-30.40545461996936,1050.0,-40.10609999949203,-41.338027834529704,-38.56998076308164,1050.0,-49.99999999948945,-49.99999999951737,-49.99999999946639,1050.0,-27.824199999499704,-29.274442655847725,-26.352373131174414,1050.0,-27.818799999476123,-29.357865394560733,-26.509209139469668,1050.0,-30.61697999947632,-32.21538229265843,-29.149650933460883,1050.0,-40.30625999948818,-41.37405806964148,-39.158473164542904,1050.0,-45.27473999951039,-46.24352776220723,-44.31449679045719,1050.0,-37.36203999948791,-38.50198579165954,-36.10421404257114,1050.0,-38.692919999506124,-39.73524808021173,-37.457919394376425,1050.0,-35.46393999949584,-36.559661137468076,-34.208906371463,1050.0,-22.90940740688175,-25.336385819214733,-20.8229793528332,1050.0,-49.99999999951679,-49.99999999956781,-49.99999999946707,1050.0,-20.772370369871688,-23.294224491169977,-18.959073754078346,1050.0,-21.80229629577644,-24.426946604680364,-19.886877112079052,1050.0,-19.085925925403128,-21.053373529143496,-17.473323037267487,1050.0,-11.339266666145907,-11.74109779058557,-11.070333332804283,1050.0,-15.758466666192088,-16.47508092334047,-15.01199758635077,1050.0,-10.753866666131813,-11.121393442948289,-10.486754857443042,1050.0,-10.889266666148767,-11.281611465811313,-10.62125250240161,1050.0,-10.793066666173662,-11.167391727952412,-10.518918001878344
36,1080.0,-42.180999999530535,-43.300237088819394,-40.794287983368555,1080.0,-49.99999999948813,-49.999999999513356,-49.9999999994626,1080.0,-30.85959999949656,-32.32357999950371,-29.144669707616032,1080.0,-32.066579999509884,-33.55828267934873,-30.652180465552167,1080.0,-31.84773999948913,-33.434713751611675,-30.361054869018215,1080.0,-39.965239999500895,-41.22133541834731,-38.47086869226774,1080.0,-49.99999999949483,-49.99999999952111,-49.99999999946857,1080.0,-27.664559999498742,-29.096938251361422,-26.179647779439907,1080.0,-27.553539999489228,-29.08301101529047,-26.203307921949023,1080.0,-30.38203999950805,-31.859217294790255,-28.89332547387597,1080.0,-40.3062599994888,-41.37405806962965,-39.158473164525645,1080.0,-45.16455999948971,-46.07889535978784,-44.153077046728704,1080.0,-37.024679999508265,-38.08961155497319,-35.738983420156835,1080.0,-38.5310599994945,-39.55348859818381,-37.28881542231701,1080.0,-35.449599999500066,-36.55828466928713,-34.19435314319768,1080.0,-22.897777777266565,-25.288972662100992,-20.804100124307823,1080.0,-49.99999999952631,-49.99999999957171,-49.99999999947791,1080.0,-20.460296295837136,-22.975210019634844,-18.67755017408408,1080.0,-21.75288888839576,-24.378141023750633,-19.846621260316855,1080.0,-19.082592592079973,-21.052043930707665,-17.461340645217295,1080.0,-11.323733332848224,-11.724200677617658,-11.056009263620254,1080.0,-15.744466666174109,-16.45132215305848,-15.000420188818639,1080.0,-10.708199999532537,-11.077373292338939,-10.445094629767668,1080.0,-10.879399999503788,-11.260637797535335,-10.60413994451993,1080.0,-10.785466666177056,-11.154203091574734,-10.504919407553984
37,1110.0,-42.10181999948785,-43.196231688940856,-40.72049549826309,1110.0,-49.999999999505576,-49.99999999953041,-49.99999999948022,1110.0,-30.688339999489386,-32.14601807285953,-28.97951250312026,1110.0,-31.906699999487284,-33.37944821002088,-30.430885894764245,1110.0,-31.843659999481904,-33.43120883720929,-30.35676000653477,1110.0,-39.88191999950344,-41.169333648626335,-38.39620396055203,1110.0,-49.99999999950553,-49.99999999953613,-49.99999999947859,1110.0,-27.47825999948385,-28.947121247806912,-25.989961372905956,1110.0,-27.34401999949234,-28.919526926560206,-26.007521499567822,1110.0,-30.22119999948921,-31.750454246914934,-28.763646549992725,1110.0,-40.07651999951418,-41.180243395019396,-38.937660638140365,1110.0,-45.10587999947747,-46.03564324434687,-44.134474757270205,1110.0,-36.87693999950839,-38.00239879191871,-35.604585048534304,1110.0,-38.46133999949902,-39.483848331611085,-37.22068631480502,1110.0,-35.248159999508324,-36.374821925906254,-34.11639209140233,1110.0,-22.8977777772801,-25.28897266209998,-20.80410012432402,1110.0,-49.99999999952115,-49.99999999957098,-49.99999999946451,1110.0,-20.42955555504924,-22.94120604177485,-18.639016829029654,1110.0,-21.365407406914482,-24.037686113828855,-19.470851841721426,1110.0,-19.049703703214696,-21.022338013636652,-17.42954553466745,1110.0,-11.288999999546668,-11.672575195829356,-11.015333332874668,1110.0,-15.740799999524958,-16.451943407308605,-14.99964368872571,1110.0,-10.695733332862543,-11.07117928220974,-10.438928531139526,1110.0,-10.866133332814814,-11.24712269769031,-10.586583601275244,1110.0,-10.77093333285684,-11.143750704003757,-10.49629437298405
38,1140.0,-42.01425999948333,-43.117032364298446,-40.65425668564164,1140.0,-49.999999999488885,-49.9999999995141,-49.99999999946509,1140.0,-30.609199999503115,-32.072185641772826,-28.968246481035976,1140.0,-31.887219999498644,-33.35436616742397,-30.399044870511418,1140.0,-31.690259999462544,-33.3164052580636,-30.200388489172077,1140.0,-39.88191999949498,-41.16933364861798,-38.39620396053305,1140.0,-49.99999999947916,-49.99999999950218,-49.999999999454104,1140.0,-27.384219999503028,-28.846247164661044,-25.88968061086795,1140.0,-27.27443999949218,-28.842722157014094,-25.941465409495706,1140.0,-30.046579999493,-31.59194054922274,-28.588917537028646,1140.0,-39.97431999951345,-41.099032153302566,-38.856736370829495,1140.0,-45.01929999950415,-45.978276490233156,-44.016069887006566,1140.0,-36.707539999500504,-37.83977170062031,-35.41126692087215,1140.0,-38.342559999484834,-39.36767096098978,-37.11201609743845,1140.0,-35.10031999950491,-36.24042207051663,-33.95053673065462,1140.0,-22.612740740244586,-25.13489064550022,-20.500557595952692,1140.0,-49.999999999474426,-49.99999999952743,-49.99999999942709,1140.0,-20.4295555550467,-22.941206041745467,-18.639016828998184,1140.0,-21.311925925423846,-24.030236534852644,-19.460191722703282,1140.0,-19.04970370320087,-21.022338013603164,-17.429545534636343,1140.0,-11.281799999506966,-11.674256189027494,-11.012488093005144,1140.0,-15.740799999504233,-16.45194340728105,-14.999643688703994,1140.0,-10.69093333280661,-11.063059724090461,-10.436132711110105,1140.0,-10.864666666198772,-11.246713814782082,-10.586289565534436,1140.0,-10.756333332852495,-11.131894138882963,-10.48246389138137
39,1170.0,-41.95105999948159,-43.05834850105076,-40.577298871152614,1170.0,-49.99999999950193,-49.999999999528264,-49.99999999947471,1170.0,-30.454139999510762,-31.91182764812189,-28.798408724484418,1170.0,-31.582479999511417,-33.11469999218317,-30.10832834037541,1170.0,-31.536719999489282,-33.095955785108764,-30.023409687129348,1170.0,-39.77865999950824,-41.03906463527462,-38.28373506750188,1170.0,-49.99999999949076,-49.999999999516646,-49.999999999465814,1170.0,-27.260539999493037,-28.703550073768984,-25.697071546349797,1170.0,-27.20725999950262,-28.7802976206022,-25.883035792831624,1170.0,-29.971479999494473,-31.501914601086153,-28.505884452349193,1170.0,-39.92881999950133,-41.05212011568315,-38.77222355891473,1170.0,-45.01463999950743,-45.97158984981414,-44.01215235516495,1170.0,-36.45345999949714,-37.6065140951018,-35.14129342053801,1170.0,-38.22275999950471,-39.26720026965652,-37.01800684427367,1170.0,-34.943399999499945,-36.09735029001838,-33.76138633985778,1170.0,-22.61274074019972,-25.134890645433007,-20.500557595933323,1170.0,-49.99999999949994,-49.999999999549374,-49.999999999452335,1170.0,-20.40703703653881,-22.919338269347406,-18.61657356808589,1170.0,-21.24918518468267,-23.999623574765398,-19.397202842640517,1170.0,-18.84429629578345,-20.85177124347433,-17.235260177216976,1170.0,-11.27446666613892,-11.67101093441075,-11.004718515716824,1170.0,-15.73626666614064,-16.446942482544284,-14.985627609798732,1170.0,-10.681266666172508,-11.058534901985803,-10.423508452904136,1170.0,-10.852799999503612,-11.239621173424233,-10.575797159448573,1170.0,-10.747866666183025,-11.123646632375257,-10.476517507691558
40,1200.0,-41.90589999950281,-43.0227158663166,-40.50987255637646,1200.0,-49.99999999949693,-49.999999999523524,-49.99999999947063,1200.0,-30.36105999948723,-31.859145083174475,-28.74201293900864,1200.0,-31.37563999950009,-32.851923796069265,-29.864418490390257,1200.0,-31.437799999516827,-32.93737945448865,-29.86827702863178,1200.0,-39.70429999950601,-40.9825145046026,-38.2756482918403,1200.0,-49.99999999950822,-49.999999999533145,-49.999999999480494,1200.0,-27.10875999949155,-28.540152848130575,-25.513403357000442,1200.0,-27.07401999950066,-28.638392630457044,-25.682741795343553,1200.0,-29.742579999506688,-31.314406165830906,-28.30982553071055,1200.0,-39.911819999490774,-41.0476603469178,-38.73437159617252,1200.0,-45.01463999948832,-45.97158984978865,-44.01215235515882,1200.0,-36.19817999953235,-37.37456462029728,-34.89812924327883,1200.0,-38.09397999951504,-39.14864074947331,-36.918278579692476,1200.0,-34.7246999994972,-35.89951456940414,-33.55038225139855,1200.0,-22.602518518017913,-25.10840681981936,-20.47874927823782,1200.0,-49.99999999948476,-49.999999999530516,-49.99999999943875,1200.0,-20.36896296240983,-22.880200519274272,-18.58229629573836,1200.0,-21.198592592049074,-23.97226800597898,-19.39065925192776,1200.0,-18.836444443924897,-20.842200732140874,-17.222327580225137,1200.0,-11.255466666173549,-11.635283164882669,-10.980318750649177,1200.0,-15.725933332831929,-16.43132169668355,-14.96123241554245,1200.0,-10.674199999513045,-11.05178235695583,-10.417635246747755,1200.0,-10.844199999514947,-11.231282615739024,-10.568551411780067,1200.0,-10.740066666169366,-11.120255595939314,-10.47053405712544
41,1230.0,-41.902939999498955,-43.017400593957056,-40.497190177254915,1230.0,-49.99999999953229,-49.99999999955849,-49.99999999950615,1230.0,-30.28445999949354,-31.76707222370106,-28.68267120805395,1230.0,-31.308419999495,-32.78070668402726,-29.80415281845178,1230.0,-31.35379999951226,-32.8694193102934,-29.823785047545087,1230.0,-39.69587999951515,-40.98321198079916,-38.26638944595478,1230.0,-49.999999999474326,-49.99999999949849,-49.99999999945004,1230.0,-26.89687999949176,-28.378303775575993,-25.36666793164438,1230.0,-27.014339999484356,-28.58570622630188,-25.63240702543447,1230.0,-29.587279999498303,-31.139041370854063,-28.185446429964696,1230.0,-39.91181999949384,-41.047660346929646,-38.73437159617729,1230.0,-45.00009999948732,-45.96007586998601,-43.98474683119462,1230.0,-36.19323999951612,-37.36346052203662,-34.89310448444252,1230.0,-38.030439999472314,-39.07649772074988,-36.83181942705159,1230.0,-34.670159999483616,-35.86717377491304,-33.49856402534472,1230.0,-22.602074073567266,-25.1083914267809,-20.47852612469262,1230.0,-49.999999999501895,-49.999999999550425,-49.9999999994493,1230.0,-20.368962962490425,-22.880200519327918,-18.582296295858157,1230.0,-21.197925925392344,-23.972195660038786,-19.389430937640245,1230.0,-18.784888888385417,-20.830273205345335,-17.19683958144228,1230.0,-11.255466666172856,-11.635283164916228,-10.980318750657066,1230.0,-15.723866666146305,-16.430768988144568,-14.960416555029344,1230.0,-10.674199999494958,-11.051782356919109,-10.417635246708958,1230.0,-10.843466666156644,-11.230325399818845,-10.567987490185315,1230.0,-10.740066666199183,-11.120255595966727,-10.470534057184159
